{"regioes":[["W",0.062801469776861,223.67152227489,219.90528702194],["W",0.02260852911967,216.66743338837,1055.5328683005],["W",0,198.65691910876,3204.2895058741],["W",0.061126763916144,931.77499102294,225.84049039133],["W",0.016747058607163,924.77090213642,1061.4680716699],["W",0,906.76038785681,3210.2247092435],["W",0,906.76038785681,3210.2247092435]],"arquivo":"\/home\/left\/www\/processamentoFolhas\/imagensTeste\/BASE_LINHAS_PERSPEC_2.jpg","template":"LINHA_BASE","escala":"11.81102362204724","rotacao":0.008381634386011,"ancoras":{"1":[142,107],"2":[2349,144],"3":[2349,144],"4":[2349,3342]},"CORTE_PRETO":150,"MATCH_ANCORA":0.85,"PREENCHIMENTO_MINIMO":0.33,"RESOLUCAO_IMAGEM":300}