{"regioes":[["W",0.066988234428651,186.53193466461,163.10991947879],["W",0.024283234980386,186.7100258993,1027.8909230387],["W",0.024283234980386,187.16797478852,3251.6135036214],["W",0.066150881498293,928.0292451442,162.95721703621],["W",0.024283234980386,928.2073363789,1027.7382205961],["W",0.024283234980386,928.66528526811,3251.4608011788],["W",0.024283234980386,928.66528526811,3251.4608011788]],"arquivo":"\/home\/left\/www\/processamentoFolhas\/imagensTeste\/BASE_LINHAS_ZOOM_5.jpg","template":"LINHA_BASE","escala":"11.81102362204724","rotacao":-0.00020593795590171,"ancoras":{"1":[100,47],"2":[2411,44],"3":[2411,44],"4":[2421,3428]},"CORTE_PRETO":150,"MATCH_ANCORA":0.85,"PREENCHIMENTO_MINIMO":0.33,"RESOLUCAO_IMAGEM":300}