{"regioes":[["W",0.05861470512507,207.74313162701,257.29574457563],["W",0.024283234980386,223.70602912842,1083.0903799148],["W",0.02260852911967,264.75347984633,3206.5622993583],["W",0.061126763916144,915.73921048958,243.60993413967],["W",0.024283234980386,931.70210799099,1069.4045694788],["W",0.017584411537521,972.7495587089,3192.8764889224],["W",0.017584411537521,972.7495587089,3192.8764889224]],"arquivo":"\/home\/left\/www\/processamentoFolhas\/imagensTeste\/BASE_LINHASROT_10.jpg","template":"LINHA_BASE","escala":"11.81102362204724","rotacao":-0.019327940651881,"ancoras":{"1":[123,148],"2":[2330,105],"3":[2330,105],"4":[2392,3339]},"CORTE_PRETO":150,"MATCH_ANCORA":0.85,"PREENCHIMENTO_MINIMO":0.33,"RESOLUCAO_IMAGEM":300}