{"regioes":[["W",0.066150881498293,230.19698267499,228.90092674879],["W",0.024283234980386,226.81064212247,1059.6969450909],["W",0.020933823258954,218.10290927312,3196.0295636848],["W",0.031819411353609,938.6402955456,231.78855532015],["W",0.00083735293035814,935.25395499307,1062.5845736622],["W",0,926.54622214372,3198.9171922561],["W",0,926.54622214372,3198.9171922561]],"arquivo":"\/home\/left\/www\/processamentoFolhas\/imagensTeste\/BASE_LINHAS_PERSPEC_1.jpg","template":"LINHA_BASE","escala":"11.81102362204724","rotacao":0.0040759966640086,"ancoras":{"1":[148,117],"2":[2356,135],"3":[2356,135],"4":[2356,3351]},"CORTE_PRETO":150,"MATCH_ANCORA":0.85,"PREENCHIMENTO_MINIMO":0.33,"RESOLUCAO_IMAGEM":300}