{"regioes":[["W",0.061964116846503,205.0911052601,194.85005981519],["W",0.0075361763732233,187.54220023074,1044.8879099474],["W",0,142.41644444097,3230.6995245731],["W",0.016747058607163,911.78544103348,209.43965930343],["W",0,894.23653600413,1059.4775094356],["W",0,849.11078021436,3245.2891240613],["W",0,849.11078021436,3245.2891240613]],"arquivo":"\/home\/left\/www\/processamentoFolhas\/imagensTeste\/BASE_LINHAS_PERSPEC_5.jpg","template":"LINHA_BASE","escala":"11.81102362204724","rotacao":0.020641919053052,"ancoras":{"1":[125,79],"2":[2328,170],"3":[2328,170],"4":[2328,3316]},"CORTE_PRETO":150,"MATCH_ANCORA":0.85,"PREENCHIMENTO_MINIMO":0.33,"RESOLUCAO_IMAGEM":300}