{"regioes":[["W",0.062801469776861,217.16443403452,211.88901882896],["W",0.019259117398237,206.689064438,1052.3346874246],["W",0,179.75239976124,3213.4806923848],["W",0.046891764100056,924.91694709044,220.71049228543],["W",0,914.44157749392,1061.1561608811],["W",0,887.50491281716,3222.3021658413],["W",0,887.50491281716,3222.3021658413]],"arquivo":"\/home\/left\/www\/processamentoFolhas\/imagensTeste\/BASE_LINHAS_PERSPEC_3.jpg","template":"LINHA_BASE","escala":"11.81102362204724","rotacao":0.012463419800622,"ancoras":{"1":[136,98],"2":[2342,153],"3":[2342,153],"4":[2342,3333]},"CORTE_PRETO":150,"MATCH_ANCORA":0.85,"PREENCHIMENTO_MINIMO":0.33,"RESOLUCAO_IMAGEM":300}