{"regioes":[["W",0.066150881498293,207.07325221905,193.1535434328],["W",0.024283234980386,207.26036025521,1043.3725009465],["W",0.024283234980386,207.74149520535,3229.6498202675],["W",0.066150881498293,936.05719178559,192.99311563697],["W",0.023445882050028,936.24429982176,1043.2120731507],["W",0.024283234980386,936.7254347719,3229.4893924717],["W",0.024283234980386,936.7254347719,3229.4893924717]],"arquivo":"\/home\/left\/www\/processamentoFolhas\/imagensTeste\/BASE_LINHAS_ZOOM_3.jpg","template":"LINHA_BASE","escala":"11.81102362204724","rotacao":-0.00022007040832424,"ancoras":{"1":[122,79],"2":[2394,78],"3":[2394,78],"4":[2394,3408]},"CORTE_PRETO":150,"MATCH_ANCORA":0.85,"PREENCHIMENTO_MINIMO":0.33,"RESOLUCAO_IMAGEM":300}