{"regioes":[["W",0.04521705823934,228.32620320856,223.87372262774],["W",0,228.32620320856,1056.9759124088],["W",0,228.32620320856,3199.2386861314],["W",0.06782558735901,942.55080213904,223.87372262774],["W",0.02260852911967,942.55080213904,1056.9759124088],["W",0.023445882050028,942.55080213904,3199.2386861314],["W",0.023445882050028,942.55080213904,3199.2386861314]],"arquivo":"\/home\/left\/www\/processamentoFolhas\/imagensTeste\/BASE_LINHAS_ZOOM_1.jpg","template":"LINHA_BASE","escala":"11.81102362204724","rotacao":0,"ancoras":{"1":[145,112],"2":[2371,112],"3":[2371,112],"4":[2371,3374]},"CORTE_PRETO":150,"MATCH_ANCORA":0.85,"PREENCHIMENTO_MINIMO":0.33,"RESOLUCAO_IMAGEM":300}